1,5,14,15,17,28,30,34
2,2,3,13,18,19,23,37
3,13,17,18,20,21,26,39
4,17,20,23,26,35,36,38
5,3,4,8,11,29,32,37
6,6,7,16,24,34,38,39
7,2,3,7,8,20,23,26
8,5,9,12,28,32,36,38
9,1,5,19,24,26,30,34
10,2,12,16,20,26,28,36
11,14,15,16,20,24,27,39
12,15,17,28,29,31,32,35
13,8,9,10,22,31,34,36
14,16,20,26,28,30,35,36
15,4,8,16,24,32,35,36
16,7,11,25,27,31,36,38
17,5,9,18,21,22,28,35
18,2,7,12,13,19,24,35
19,10,17,19,21,30,35,38
20,5,8,24,25,28,29,33
21,2,9,18,21,25,28,34
22,12,17,19,25,27,29,33
23,4,5,8,14,26,31,36
24,1,7,9,24,28,29,30
25,2,6,11,19,20,27,32
26,2,4,14,15,30,35,39
27,13,16,17,25,32,33,36
28,8,26,30,31,34,36,39
29,12,13,14,15,18,33,36
30,5,8,10,11,17,25,26
31,1,7,19,21,35,38,39
32,3,4,5,8,11,15,16
33,5,9,22,24,25,32,35
34,3,7,9,14,15,21,35
35,2,3,12,16,18,23,35
36,5,15,18,27,35,36,37
37,3,5,14,17,27,28,30
38,3,8,12,24,25,33,35
39,9,11,14,16,17,19,34
40,10,20,22,25,30,33,39
41,2,10,14,29,31,32,39
42,5,9,14,24,27,29,37
43,4,17,20,23,31,34,38
44,3,5,7,28,30,37,38
45,12,20,26,28,29,36,39
46,1,2,10,13,22,29,39
47,6,7,17,18,24,30,35
48,1,2,7,18,21,25,27
49,1,11,17,22,26,30,31
50,16,19,21,27,28,36,39
51,3,14,23,27,32,35,38
52,2,9,18,23,31,38,39
53,1,9,11,17,29,32,39
54,1,5,10,22,23,28,38
55,8,9,17,22,36,37,39
56,1,6,8,14,30,36,38
57,1,3,14,21,23,26,34
58,1,2,6,10,12,14,28
59,12,14,15,18,20,27,37
60,1,4,9,13,19,36,37
61,3,6,16,18,19,30,31
62,3,12,17,24,32,35,39
63,1,3,15,22,23,33,39
64,4,12,14,16,26,36,38
65,6,11,19,21,22,29,30
66,13,19,22,27,34,36,39
67,4,8,16,24,36,37,39
68,1,8,12,14,21,24,27
69,3,7,18,21,23,28,31
70,4,11,19,22,26,29,34
71,2,11,15,18,28,32,33
72,1,9,15,27,31,37,38
73,8,9,10,15,24,27,39
74,4,5,11,29,31,38,39
75,2,4,23,26,30,31,36
76,1,12,14,17,23,28,31
77,10,12,13,15,18,31,37
78,2,7,14,15,30,34,37
79,6,23,31,32,33,35,36
80,2,4,11,17,28,32,33
81,5,9,11,25,29,36,38
82,1,5,25,26,32,35,39
83,4,8,15,16,24,25,38
84,10,14,16,27,33,34,37
85,14,16,17,20,21,31,34
86,9,25,28,30,32,35,38
87,1,4,21,23,24,29,39
88,10,11,16,17,30,34,39
89,4,9,10,11,19,29,31
90,4,5,8,23,30,33,36
91,5,7,9,34,35,38,39
92,3,4,11,25,26,30,37
93,5,6,23,30,32,33,39
94,6,9,15,23,31,32,33
95,6,9,12,18,23,28,31
96,3,5,6,10,26,28,34
97,1,12,20,23,30,38,39
98,7,8,10,20,22,28,33
99,2,7,8,16,19,34,39
100,5,12,15,18,33,35,38
101,4,11,25,27,28,35,37
102,6,7,9,15,27,29,35
103,3,6,8,14,19,24,39
104,7,12,17,19,33,36,38
105,1,8,9,15,21,22,31
106,14,15,17,25,28,31,38
107,2,5,7,11,24,26,33
108,2,3,6,8,9,13,27
109,5,6,10,21,30,31,32
110,2,9,18,19,21,25,34
111,4,17,18,24,25,26,36
112,8,16,23,27,32,35,37
113,8,9,14,20,24,31,32
114,10,16,17,24,26,28,34
115,2,12,13,15,18,24,30
116,11,15,16,23,25,28,35
117,8,13,16,26,31,36,37
118,2,5,23,28,29,34,38
119,16,18,20,23,24,33,36
120,1,7,8,11,17,18,21
121,8,19,25,26,27,35,36
122,2,6,7,12,22,26,35
123,7,8,10,11,22,31,34
124,6,9,11,14,32,37,39
125,3,4,5,9,14,21,26
126,16,19,21,23,25,34,37
127,1,2,11,15,16,26,37
128,7,9,13,14,16,28,30
129,6,11,18,21,26,33,35
130,7,10,14,16,20,21,28
131,6,15,16,23,28,32,39
132,4,13,17,19,26,30,38
133,18,21,23,26,31,35,39
134,4,9,10,11,12,26,39
135,12,14,16,20,32,34,38
136,1,4,14,15,18,35,37
137,1,3,8,15,16,17,39
138,10,17,19,21,24,29,32
139,2,11,24,26,28,32,38
140,6,14,15,21,25,32,38
141,9,11,16,20,24,37,38
142,15,16,18,19,28,30,37
143,4,7,17,27,30,36,38
144,3,8,12,18,25,31,33
145,1,5,19,25,33,35,38
146,1,3,7,9,21,23,38
147,7,10,15,16,18,19,28
148,2,3,33,34,36,37,39
149,6,9,14,16,30,31,33
150,2,9,11,12,19,27,39
151,3,14,16,25,30,37,39
152,7,9,10,16,21,37,38
153,3,4,17,27,32,33,35
154,1,4,14,19,29,30,33
155,3,11,15,20,27,31,34
156,9,13,24,26,32,35,37
157,4,10,12,19,20,27,38
158,12,15,22,24,29,30,36
159,3,9,15,17,24,32,37
160,3,18,21,22,23,35,38
161,7,10,11,18,26,29,34
162,2,3,15,18,30,31,39
163,2,17,18,22,27,34,38
164,3,7,26,31,33,35,38
165,2,5,7,19,21,27,28
166,4,5,11,12,14,16,18
167,1,13,18,22,32,33,35
168,1,2,3,6,13,33,34
169,4,6,11,21,22,29,30
170,4,8,10,25,29,31,38
171,5,8,11,22,25,28,33
172,2,3,9,11,19,37,38
173,1,4,10,23,29,33,38
174,8,12,26,27,30,34,36
175,9,14,17,19,22,28,39
176,4,8,10,19,21,32,38
177,3,4,10,16,27,34,36
178,2,4,8,12,15,22,26
179,3,6,9,10,15,32,33
180,4,17,25,26,28,33,35
181,4,17,19,21,22,29,37
182,2,3,4,15,17,19,21
183,4,9,12,26,27,32,39
184,1,10,16,22,24,32,35
185,7,10,12,16,17,23,26
186,8,11,17,19,31,35,38
187,6,18,21,26,30,35,37
188,3,5,6,19,28,32,35
189,3,4,8,21,25,34,38
190,2,4,8,12,20,27,37
191,4,5,6,15,20,24,35
192,4,5,6,8,12,16,39
193,7,8,15,24,25,26,32
194,6,20,30,32,33,35,36
195,8,15,16,23,29,35,37
196,3,10,11,14,25,31,35
197,3,13,15,19,21,23,33
198,3,14,25,32,33,35,37
199,7,8,18,20,24,28,38
200,6,8,9,23,32,33,36
201,2,3,14,21,25,29,31
202,1,14,22,23,25,29,38
203,2,3,6,9,11,13,38
204,4,11,13,17,27,29,30
205,3,12,13,14,15,29,34
206,10,17,21,23,26,30,32
207,3,6,14,19,29,30,36
208,1,6,10,18,22,27,31
209,2,7,9,14,19,22,39
210,6,9,10,18,26,30,34
211,3,6,8,11,13,19,31
212,2,7,8,17,23,30,32
213,12,15,17,22,29,31,37
214,6,12,16,17,22,23,39
215,2,11,12,22,31,32,33
216,6,14,20,22,27,37,38
217,16,18,23,25,30,37,39
218,11,14,16,22,24,32,34
219,10,11,18,23,26,33,39
220,3,5,8,9,11,15,28
221,7,21,26,30,34,35,36
222,14,15,21,28,30,35,37
223,9,11,13,15,17,30,37
224,1,7,10,14,17,21,27
225,1,7,13,18,28,38,39
226,5,9,11,19,24,32,35
227,2,14,18,24,26,30,37
228,1,14,15,20,23,32,37
229,2,4,12,23,25,26,35
230,3,8,17,18,21,29,35
231,3,4,11,13,25,26,35
232,15,16,20,24,27,36,39
233,1,6,13,19,29,34,37
234,3,6,8,9,18,36,39
235,1,7,8,13,16,17,28
236,9,15,20,24,25,33,35
237,1,4,10,17,24,32,33
238,15,22,24,25,28,33,34
239,4,11,12,16,21,24,30
240,3,8,9,13,14,21,38
241,3,10,15,21,34,35,37
242,3,7,11,29,30,31,34
243,1,10,14,19,34,36,39
244,1,3,4,7,8,22,39
245,14,20,23,25,26,28,33
246,5,9,12,16,21,37,38
247,11,31,32,33,37,38,39
248,15,21,24,26,31,34,37
249,7,12,18,19,27,30,38
250,1,5,8,15,20,23,34
251,7,8,12,13,14,17,28
252,3,6,21,29,31,35,36
253,3,4,6,11,20,29,33
254,10,20,24,26,27,35,38
255,16,20,24,33,35,37,39
256,1,4,6,7,16,17,26
257,4,7,11,16,19,27,33
258,4,5,17,18,27,36,39
259,4,6,7,9,21,23,24
260,3,5,6,28,34,37,39
261,3,5,17,25,26,30,32
262,3,10,14,18,23,24,32
263,11,16,17,19,22,30,38
264,6,15,16,18,19,25,29
265,5,10,12,23,27,28,30
266,1,6,23,31,33,35,38
267,4,10,13,15,20,27,39
268,4,22,24,25,26,32,35
269,2,7,17,22,29,38,39
270,1,7,9,14,24,25,34
271,2,3,11,12,15,29,39
272,4,11,12,13,17,23,38
273,4,22,23,26,27,32,35
274,3,11,13,17,21,29,32
275,2,3,7,15,17,19,22
276,4,8,10,14,22,29,33
277,5,8,9,10,19,20,38
278,8,9,10,15,29,30,33
279,1,6,7,18,19,31,38
280,1,4,11,26,31,35,36
281,1,5,6,11,14,17,28
282,1,5,14,26,30,32,34
283,2,9,18,20,26,29,31
284,1,7,9,12,21,28,35
285,2,6,17,19,26,30,32
286,2,3,8,9,18,22,35
287,2,16,22,25,29,34,35
288,3,9,19,20,34,35,38
289,4,12,13,17,25,35,39
290,6,21,22,33,34,36,38
291,2,5,11,22,30,32,38
292,5,7,20,24,25,33,39
293,5,9,16,17,20,22,34
294,1,5,13,14,15,30,31
295,3,16,18,22,24,28,36
296,5,8,16,29,33,35,37
297,4,7,9,10,13,15,29
298,18,21,24,26,29,30,38
299,10,11,12,14,15,18,25
300,4,13,18,21,31,35,38
301,5,16,19,22,23,25,33
302,2,12,13,26,30,33,37
303,4,8,21,23,24,26,37
304,2,5,26,28,34,36,39
305,9,12,20,26,29,34,36
306,2,5,6,15,17,19,27
307,3,4,16,28,35,36,39
308,15,22,24,30,31,32,34
309,1,8,19,22,24,25,29
310,6,11,12,17,22,27,28
311,7,10,11,23,26,33,38
312,11,12,14,23,28,31,36
313,2,5,8,15,22,27,35
314,6,8,11,21,23,25,38
315,3,10,19,24,27,34,36
316,5,15,17,18,24,31,35
317,7,8,13,22,31,37,38
318,2,4,18,19,23,27,36
319,1,7,9,15,18,27,36
320,1,7,8,9,12,23,28
321,1,3,8,12,15,23,32
322,8,10,11,12,18,24,38
323,12,13,21,23,24,26,27
324,5,7,10,12,16,18,23
325,2,13,15,16,25,31,34
326,1,2,7,14,17,19,20
327,12,13,15,18,26,27,28
328,1,2,13,20,30,33,34
329,5,11,15,20,31,32,35
330,1,2,3,7,22,27,37
331,10,12,13,18,21,32,36
332,7,10,20,24,26,27,39
333,3,8,17,22,25,28,29
334,3,6,9,14,24,28,32
335,5,8,12,25,29,36,37
336,5,13,16,23,28,32,36
337,1,10,13,17,22,35,39
338,15,21,22,28,33,35,36
339,2,18,22,24,30,31,38
340,4,6,10,29,32,38,39
341,3,4,9,12,13,32,37
342,1,20,22,28,31,32,36
343,1,7,11,16,17,21,39
344,3,5,6,9,11,16,31
345,1,11,12,22,24,28,32
346,2,17,24,26,32,33,38
347,10,14,26,27,32,33,36
348,2,16,26,28,30,38,39
349,5,9,12,18,22,23,25
350,2,13,18,21,31,35,38
351,7,10,21,28,35,36,37
352,1,6,12,16,29,35,36
353,6,9,10,11,25,30,38
354,5,11,13,20,22,28,34
355,1,5,7,11,19,31,33
356,11,13,15,24,26,27,39
357,3,11,13,18,19,24,27
358,1,9,13,17,20,27,39
359,1,5,13,16,17,26,30
360,1,3,4,22,24,29,34
361,7,13,15,26,32,33,38
362,1,3,10,11,26,30,37
363,4,9,17,18,22,23,25
364,7,22,30,31,33,36,37
365,3,18,20,21,32,35,36
366,5,17,20,24,29,35,38
367,4,5,15,17,18,19,28
368,10,18,30,31,34,37,38
369,1,13,15,21,22,23,35
370,2,8,15,18,23,25,37
371,1,9,20,22,25,27,32
372,5,8,14,19,26,34,38
373,1,6,9,18,23,25,26
374,5,8,16,21,23,31,33
375,4,7,10,14,15,18,20
376,14,17,20,24,26,29,35
377,3,19,20,27,31,38,39
378,2,8,9,12,13,15,28
379,5,7,10,19,23,28,30
380,1,7,13,14,31,32,33
381,3,6,9,19,21,34,37
382,18,19,20,25,29,31,38
383,1,4,17,23,25,30,38
384,2,4,7,16,32,34,35
385,10,16,17,20,21,24,30
386,15,18,20,24,25,28,35
387,2,8,12,21,22,34,35
388,4,17,21,30,34,35,37
389,3,4,8,11,19,20,32
390,3,14,15,24,30,33,37
391,6,10,19,22,26,31,32
392,12,15,16,18,21,30,32
393,2,3,9,21,27,34,35
394,2,4,6,18,25,31,39
395,7,9,15,16,18,30,37
396,19,23,24,25,28,30,31
397,1,7,17,26,35,36,38
398,6,16,21,23,28,29,31
399,2,10,11,20,22,25,28
400,1,7,8,10,30,31,38
401,6,19,21,27,28,32,35
402,7,9,15,22,23,31,36
403,2,6,12,20,23,27,33
404,6,7,9,13,31,32,38
405,3,5,10,22,33,36,37
406,4,9,18,20,35,36,37
407,3,5,7,11,25,29,34
408,8,11,16,17,18,34,39
409,12,15,21,24,28,32,34
410,2,3,6,13,17,28,33
411,6,10,12,26,27,29,39
412,4,11,17,20,29,30,39
413,3,11,23,27,32,33,38
414,16,19,24,25,34,35,38
415,4,17,19,23,31,33,36
416,17,20,22,28,31,33,37
417,2,5,16,17,35,38,39
418,9,15,21,24,28,31,39
419,5,8,10,15,21,28,30
420,2,7,8,19,30,32,36
421,1,2,3,10,23,24,35
422,1,7,20,29,35,36,38
423,5,8,9,10,22,28,36
424,7,8,19,20,21,33,34
425,4,5,22,28,35,38,39
426,2,9,11,12,13,31,32
427,3,9,10,12,20,24,25
428,3,18,21,26,27,28,33
429,1,2,3,19,21,24,35
430,1,2,3,16,18,29,32
431,3,7,15,21,22,34,38
432,17,19,23,31,34,35,36
433,2,3,9,20,21,24,27
434,10,11,16,24,28,30,35
435,1,2,11,20,21,22,37
436,5,8,10,28,31,36,38
437,5,8,13,23,24,27,32
438,17,24,26,27,28,32,38
439,3,9,10,12,16,18,27
440,8,9,15,19,26,32,38
441,1,5,9,10,13,25,30
442,11,17,22,23,26,28,39
443,2,4,5,23,26,29,39
444,13,15,22,26,28,38,39
445,7,15,24,28,33,35,36
446,4,12,17,20,21,35,39
447,6,8,12,20,21,24,28
448,1,10,20,21,22,32,34
449,3,10,23,27,32,34,35
450,1,11,23,26,29,31,33
451,5,6,20,32,33,35,37
452,2,3,10,14,18,24,29
453,6,9,12,15,18,21,38
454,4,14,18,21,24,34,37
455,2,6,7,13,19,27,31
456,9,10,14,20,23,37,38
457,12,15,16,22,23,27,34
458,3,4,13,25,29,36,37
459,4,14,16,17,36,37,39
460,1,6,18,24,32,36,38
461,1,4,11,20,27,30,33
462,6,8,20,27,31,32,33
463,2,4,5,9,17,32,36
464,6,15,24,28,32,34,39
465,9,10,25,26,29,31,35
466,2,13,17,18,19,31,37
467,5,8,10,11,16,21,24
468,5,6,10,11,16,17,36
469,11,25,26,29,30,36,39
470,1,12,13,15,18,31,35
471,14,17,18,21,23,28,39
472,12,14,28,34,35,37,39
473,9,12,22,24,25,28,29
474,1,3,16,22,25,27,39
475,7,14,22,26,34,35,38
476,3,7,13,21,24,34,35
477,10,12,18,26,32,34,37
478,4,6,16,27,28,33,36
479,3,8,10,12,19,20,30
480,1,11,12,13,19,22,33
481,8,10,18,22,24,27,31
482,7,9,17,19,21,33,37
483,7,12,23,28,30,33,36
484,5,6,15,22,23,32,38
485,7,16,20,27,30,37,39
486,8,15,16,21,31,32,36
487,2,6,21,22,26,29,37
488,8,13,21,23,24,37,38
489,1,3,10,12,23,29,32
490,7,17,23,24,26,31,39
491,3,5,6,11,28,33,38
492,5,9,11,18,20,25,26
493,3,4,11,12,17,29,36
494,1,5,12,18,24,26,32
495,1,5,7,20,23,24,33
496,5,8,16,17,18,28,30
497,2,3,27,30,37,38,39
498,7,13,17,21,26,36,37
499,14,23,25,33,35,38,39
500,2,7,10,12,16,24,28
501,9,22,25,31,34,35,39
502,1,3,6,7,8,25,26
503,2,5,9,11,25,27,38
504,2,3,4,6,8,24,35
505,8,10,12,20,33,36,39
506,3,6,12,14,24,25,38
507,8,11,14,15,22,24,36
508,6,7,9,26,35,36,39
509,1,4,20,22,23,25,38
510,2,3,9,27,32,35,38
511,6,17,20,26,33,37,39
512,8,11,16,20,25,30,34
513,3,16,18,22,30,35,39
514,8,19,20,22,26,30,39
515,2,6,8,12,24,29,34
516,1,2,6,9,11,20,22
517,3,5,7,12,20,27,32
518,5,7,13,15,28,29,35
519,6,8,10,20,24,29,36
520,1,10,19,22,24,30,32
521,8,11,20,23,26,34,38
522,9,25,28,31,32,35,36
523,10,13,19,20,24,33,35
524,1,2,3,17,18,24,25
525,4,5,7,12,13,14,38
526,8,10,25,28,30,32,36
527,15,20,24,27,29,34,35
528,6,18,26,29,30,35,38
529,9,11,13,19,21,23,26
530,2,6,7,14,28,34,35
531,14,17,18,22,23,25,34
532,2,4,11,21,34,37,39
533,3,5,9,27,29,31,38
534,3,6,7,14,19,23,39
535,5,6,15,17,20,26,30
536,4,17,18,24,32,34,39
537,3,13,19,21,24,34,37
538,4,8,12,21,26,33,39
539,1,16,17,19,22,27,36
540,4,6,15,31,32,34,35
541,2,5,16,18,19,29,39
542,1,7,8,20,30,33,37
543,7,9,10,12,25,32,37
544,5,8,9,22,26,30,37
545,1,6,19,20,29,32,39
546,9,10,27,28,30,32,33
547,8,11,13,14,18,20,22
548,3,21,24,27,30,36,38
549,4,6,13,18,19,31,33
550,3,5,13,21,24,26,36
551,2,5,7,10,14,24,33
552,15,16,19,20,28,32,37
553,3,11,17,18,22,24,26
554,6,7,13,23,29,33,34
555,2,4,23,24,36,37,38
556,8,15,16,18,33,35,39
557,9,10,13,16,25,30,37
558,7,9,12,17,25,29,32
559,5,6,19,27,29,37,39
560,18,21,24,27,30,32,37
561,13,14,15,18,33,38,39
562,2,4,9,24,25,36,37
563,3,4,6,14,20,21,25
564,4,11,17,27,33,34,38
565,11,13,16,18,27,28,36
566,8,13,20,33,34,36,38
567,6,7,13,20,23,24,38
568,1,8,9,13,29,32,38
569,11,12,20,21,23,36,37
570,11,13,14,17,22,32,36
571,13,19,20,23,24,27,36
572,2,15,17,23,29,32,36
573,2,8,11,21,28,29,30
574,2,13,24,26,29,30,31
575,1,5,13,16,20,26,34
576,3,8,12,13,20,21,32
577,9,10,22,23,29,31,34
578,1,8,12,18,23,26,29
579,1,4,8,9,29,32,36
580,6,10,21,24,34,36,37
581,16,17,23,24,25,27,33
582,3,8,12,14,16,17,31
583,3,6,7,13,17,22,33
584,5,12,15,20,21,22,32
585,6,8,11,24,25,29,33
586,1,13,16,18,19,37,38
587,10,11,13,20,22,25,31
588,3,11,13,16,28,36,37
589,8,10,16,18,19,20,30
590,1,3,4,8,12,31,35
591,8,15,16,21,25,28,38
592,3,12,22,23,26,34,35
593,2,13,17,20,23,25,39
594,7,17,18,19,33,35,36
595,4,6,16,26,30,38,39
596,4,8,9,12,14,19,31
597,9,10,12,13,21,23,35
598,11,16,17,22,24,28,37
599,3,11,17,22,23,32,35
600,3,5,14,15,17,29,34
601,1,2,7,10,17,18,26
602,2,11,14,25,27,32,33
603,5,11,14,16,22,28,33
604,4,6,16,26,27,29,36
605,1,8,14,20,22,34,35
606,2,10,12,20,30,33,37
607,4,11,26,32,34,38,39
608,6,11,17,29,36,38,39
609,8,15,16,23,27,28,39
610,5,6,8,17,33,34,36
611,2,10,21,24,26,34,38
612,2,5,8,14,20,34,37
613,2,5,7,8,21,27,30
614,8,14,17,20,23,35,39
615,2,19,20,21,22,24,34
616,8,11,16,19,23,28,37
617,8,11,14,21,22,30,31
618,9,11,17,22,24,31,36
619,5,9,10,16,20,28,30
620,1,9,11,18,22,28,36
621,1,10,14,22,24,30,38
622,9,15,18,23,24,29,30
623,19,21,25,30,31,32,33
624,2,14,31,32,33,36,39
625,16,26,29,30,35,36,39
626,4,8,9,18,23,28,29
627,6,11,16,32,36,38,39
628,1,2,10,16,26,28,33
629,14,16,17,23,29,32,33
630,4,7,8,11,16,24,26
631,7,11,23,25,30,32,37
632,3,5,14,21,26,32,34
633,8,16,19,23,28,32,34
634,1,4,13,16,23,24,32
635,1,9,18,19,27,28,30
636,3,12,29,32,33,36,38
637,3,9,11,13,26,32,33
638,3,9,13,14,22,27,39
639,1,8,11,13,31,33,35
640,7,13,14,16,22,26,37
641,1,2,9,20,21,24,25
642,3,10,13,16,23,25,32
643,16,22,24,26,27,34,39
644,3,5,6,13,16,35,36
645,5,22,23,28,29,30,39
646,1,5,7,20,28,32,37
647,5,12,15,17,35,36,38
648,1,2,3,18,30,33,39
649,2,7,10,12,27,35,36
650,29,17,36,24,38,27,32
651,28,2,22,25,37,38,29
652,6,4,14,18,11,29,20
653,13,34,8,20,26,37,31
654,17,4,15,9,22,29,23
655,20,13,16,18,31,12,9
656,31,39,5,32,36,17,11
657,3,26,34,33,9,15,7
658,18,27,19,20,36,38,11
659,36,11,39,37,34,2,21
660,36,20,24,12,33,25,7
661,6,4,37,19,32,34,23
662,4,17,15,39,23,1,21
663,21,23,5,39,26,36,31
664,21,20,10,38,16,29,24
665,24,6,26,21,19,11,30
666,28,11,35,13,12,6,16
667,39,25,10,14,15,33,12
668,18,19,30,36,1,31,27
669,32,23,4,3,29,21,22
670,33,38,32,35,15,29,24
671,21,11,22,16,25,23,15
672,11,27,7,34,23,1,10
673,20,28,29,4,5,19,7
674,24,30,4,12,25,16,37
675,38,25,14,20,23,9,37
676,28,27,5,20,29,3,37
677,6,37,30,20,35,7,26
678,6,29,36,15,27,22,8
679,2,13,16,20,24,26,30
680,8,22,2,1,25,16,17
681,4,13,25,15,3,37,2
682,10,33,15,7,26,3,9
683,8,34,10,25,15,36,26
684,35,14,8,38,12,2,27
685,17,34,23,38,31,6,21
686,19,4,9,31,36,35,23
687,17,16,36,23,31,2,5
688,33,9,6,23,34,10,32
689,25,2,13,7,5,37,39
690,31,24,6,9,32,13,20
691,16,20,37,18,5,21,28
692,28,33,38,5,12,21,22
693,10,3,6,2,25,5,28
694,7,26,17,16,5,6,23
695,39,10,6,23,32,13,12
696,23,4,10,37,9,19,15
697,1,29,3,22,20,12,35
698,8,19,29,15,33,9,28
699,16,15,11,14,39,38,31
700,34,15,23,17,37,27,9
701,38,23,26,30,9,18,33
702,10,12,15,16,19,21,28
703,10,15,21,27,28,29,37
704,6,17,20,21,26,28,35
705,7,11,13,18,22,23,31
706,4,15,22,24,29,36,37
707,6,8,10,14,25,32,34
708,4,12,14,19,21,22,25
709,6,9,13,27,31,34,39
710,8,10,11,25,33,36,38
711,5,10,12,19,21,35,39
712,1,3,7,21,24,33,35
713,4,14,17,19,24,28,36
714,9,11,15,18,19,31,33
715,3,9,17,22,23,24,30
716,12,13,14,17,19,33,37
717,8,9,10,14,25,29,30
718,5,11,15,17,31,34,35
719,2,11,23,24,26,37,38
720,1,4,6,21,26,28,29
721,6,14,28,29,31,38,39
722,3,10,12,14,16,24,35
723,24,26,30,31,34,35,39
724,2,12,16,17,24,27,31
725,3,8,15,32,33,35,39
726,1,8,11,13,16,31,37
727,5,8,19,27,32,35,37
728,1,2,8,13,17,24,38
729,21,25,26,28,31,32,38
730,1,9,14,16,17,19,28
731,5,11,12,17,18,26,39
732,2,7,8,18,23,25,27
733,8,15,16,19,20,24,36
734,4,9,13,18,35,36,38
735,4,9,18,24,25,36,38
736,1,7,13,14,20,22,25
737,7,10,21,31,33,35,39
738,6,16,18,29,35,37,38
739,9,11,18,25,29,38,39
740,4,7,16,18,21,28,37
741,8,9,11,17,19,24,35
742,18,29,34,36,37,38,39
743,9,12,18,23,24,33,34
744,11,15,16,19,24,29,33
745,8,13,14,19,21,22,24
746,4,8,10,24,34,37,39
747,9,13,16,20,24,33,39
748,3,4,10,11,13,15,22
749,7,8,15,25,26,28,33
750,7,13,20,22,23,25,34
751,8,9,19,23,25,28,33
752,5,13,23,25,28,31,39
753,5,12,14,16,21,26,38
754,2,5,12,20,22,23,28
755,6,13,24,26,27,30,38
756,2,12,16,26,29,33,34
757,4,6,14,19,25,28,37
758,3,5,18,26,29,34,37
759,4,7,8,14,26,32,33
760,1,2,11,24,27,32,39
761,8,14,16,29,32,36,39
762,5,15,19,22,27,30,35
763,3,4,10,21,23,25,35
764,4,7,16,18,19,21,23
765,2,3,18,22,24,29,38
766,1,2,10,27,28,36,39
767,4,7,10,15,31,33,35
768,1,14,16,19,22,27,32
769,3,4,6,21,23,24,32
770,4,5,13,18,19,25,28
771,7,11,15,21,26,33,36
772,12,16,17,19,22,35,39
773,1,5,6,15,21,27,36
774,7,11,17,18,23,34,39
775,8,10,19,20,27,29,39
776,12,16,26,28,33,35,36
777,6,12,14,15,19,27,30
778,12,16,17,20,26,29,34
779,2,7,17,24,25,28,38
780,9,12,31,32,35,37,38
781,7,8,12,18,23,25,35
782,3,6,11,21,22,32,38
783,5,7,17,26,27,28,32
784,2,3,5,6,11,22,24
785,1,4,18,22,30,38,39
786,4,5,20,22,24,31,37
787,7,14,15,16,24,28,31
788,3,4,6,8,10,29,34
789,1,6,7,8,13,31,35
790,5,7,13,18,19,30,36
791,2,4,7,13,20,26,34
792,3,10,11,25,33,36,37
793,2,12,13,17,22,30,35
794,8,18,21,23,29,30,31
795,1,7,8,13,21,23,37
796,13,19,25,32,34,35,37
797,4,7,13,14,19,27,39
798,3,5,19,21,25,37,39
799,7,8,16,18,22,26,31
800,3,13,20,22,27,31,34
801,4,8,15,21,22,23,34
802,9,16,20,23,24,38,39
803,4,15,19,22,26,29,39
804,12,23,27,30,32,33,36
805,11,12,16,22,24,29,33
806,2,5,8,16,22,23,33
807,5,15,19,22,29,33,34
808,4,5,17,21,33,38,39
809,8,13,18,21,25,34,36
810,1,6,8,10,14,16,39
811,1,8,15,19,28,29,30
812,5,22,26,27,30,35,39
813,7,8,12,21,23,26,37
814,1,11,19,25,27,28,31
815,11,18,20,32,33,34,38
816,8,10,13,22,28,38,39
817,7,11,12,21,23,26,29
818,6,7,14,15,21,24,36
819,16,26,27,30,31,32,34
820,8,13,18,23,24,32,37
821,3,7,12,16,22,24,31
822,2,8,13,22,28,37,38
823,3,6,16,25,29,36,37
824,9,14,18,23,31,32,38
825,7,9,11,18,24,27,32
826,12,19,25,27,30,35,39
827,1,5,19,22,24,26,37
828,10,15,21,22,30,32,35
829,1,5,11,12,22,31,36
830,1,6,23,26,29,30,38
831,7,8,9,17,19,23,33
832,7,12,16,25,28,35,39
833,3,18,22,23,34,35,36
834,12,13,20,25,27,34,35
835,21,23,25,32,33,35,36
836,11,14,20,22,24,26,33
837,5,15,18,20,26,29,38
838,2,5,9,12,19,28,30
839,1,3,5,8,10,37,38
840,3,5,11,16,28,38,39
841,8,9,13,18,22,26,33
842,7,11,14,16,21,22,31
843,10,12,15,19,20,25,32
844,13,17,20,23,25,27,30
845,12,19,21,26,28,33,39
846,2,11,15,17,23,25,26
847,7,13,14,24,25,31,36
848,2,3,5,12,15,17,25
849,5,12,16,20,21,33,34
850,3,4,10,20,22,25,37
851,2,3,11,16,24,33,34
852,4,8,10,12,20,24,27
853,1,5,7,9,16,23,32
854,3,13,17,20,21,31,33
855,22,23,27,29,34,35,37
856,2,6,10,17,27,30,35
857,2,8,14,29,32,33,35
858,12,17,19,20,24,29,34
859,4,8,15,30,32,33,38
860,5,7,8,14,21,31,38
861,2,12,14,19,23,35,37
862,5,10,16,23,29,35,39
863,13,23,25,29,32,34,37
864,1,13,22,23,29,33,34
865,1,4,24,25,26,33,36
866,9,11,16,22,24,26,34
867,3,13,22,24,27,32,36
868,8,14,21,24,29,30,32
869,2,15,19,29,32,35,36
870,6,12,13,18,21,26,30
871,1,2,5,10,28,31,38
872,7,13,17,18,23,34,38
873,1,3,14,16,18,21,39
874,6,16,17,26,33,34,36
875,1,7,12,17,18,23,39
876,9,13,15,18,29,31,38
877,2,16,22,23,28,32,39
878,1,4,6,8,12,24,29
879,1,15,17,25,27,29,31
880,5,11,16,19,22,33,36
881,1,2,20,24,27,30,38
882,8,9,10,12,22,32,33
883,5,7,14,16,26,33,34
884,8,9,11,15,18,29,37
885,6,8,11,18,22,33,36
886,5,15,19,26,29,32,34
887,10,21,23,27,30,32,39
888,16,18,21,25,31,36,38
889,1,3,16,26,27,29,33
890,3,9,24,25,26,27,36
891,5,14,17,23,27,31,34
892,6,8,13,15,25,33,37
893,9,10,13,17,21,27,33
894,4,7,17,18,29,32,38
895,1,5,16,23,31,35,37
896,7,18,19,20,21,34,38
897,7,14,15,20,28,30,36
898,4,5,23,25,35,37,38
899,4,6,8,16,24,30,38
900,3,11,16,17,19,20,32
901,1,8,16,23,29,30,36
902,4,11,14,15,21,26,35
903,3,25,29,31,34,38,39
904,3,14,15,16,17,22,37
905,1,11,12,20,23,26,33
906,4,5,11,18,22,33,37
907,9,10,13,26,29,36,38
908,8,14,23,28,29,37,39
909,5,6,9,11,13,19,30
910,1,10,19,26,29,35,39
911,10,12,14,15,20,23,24
912,8,9,11,14,25,37,38
913,9,13,22,28,29,36,39
914,1,5,19,22,23,28,30
915,3,12,15,16,18,19,30
916,3,8,11,16,18,25,26
917,3,8,11,16,25,30,39
918,3,7,11,13,18,25,36
919,2,3,8,17,18,27,31
920,5,6,27,29,30,31,36
921,6,7,8,9,30,35,39
922,9,14,21,30,34,38,39
923,2,11,14,25,32,37,38
924,1,10,11,25,31,32,36
925,6,14,16,19,24,29,30
926,6,9,14,18,31,34,38
927,3,12,25,28,31,32,36
928,12,13,24,26,32,38,39
929,13,15,21,22,31,33,37
930,4,7,9,12,27,31,39
931,4,9,10,18,20,32,36
932,1,6,9,17,24,25,34
933,4,12,26,32,34,38,39
934,6,11,21,25,28,30,34
935,19,23,24,25,26,27,33
936,4,7,8,10,20,27,30
937,3,11,12,15,18,31,37
938,2,9,12,14,24,29,36
939,3,5,7,9,17,28,33
940,9,11,12,23,24,26,30
941,2,9,24,28,33,35,36
942,6,14,16,18,24,32,37
943,2,20,27,28,31,32,38
944,1,3,4,6,14,29,37
945,5,7,8,18,23,24,34
946,4,7,15,22,23,25,31
947,5,13,18,20,21,24,25
948,5,11,12,26,32,33,38
949,1,20,21,23,26,27,38
950,18,19,24,27,29,33,36
951,10,15,16,22,30,35,39
952,9,13,19,21,22,30,38
953,5,13,17,18,21,28,38
954,7,11,20,25,31,35,37
955,2,7,11,15,17,24,38
956,1,7,8,13,28,34,36
957,1,10,18,20,25,31,32
958,3,13,20,22,27,35,38
959,5,7,8,12,19,24,31
960,5,9,10,18,25,26,30
961,1,6,9,11,20,27,36
962,5,13,17,18,33,37,39
963,5,9,19,20,21,22,36
964,5,12,17,21,27,31,37
965,6,16,18,21,24,28,39
966,1,7,10,19,26,33,36
967,6,9,22,24,25,34,35
968,8,9,13,17,27,31,38
969,5,11,15,23,27,30,35
970,2,7,10,12,19,30,32
971,7,10,12,24,27,35,39
972,1,8,10,11,12,13,26
973,17,18,20,24,32,33,34
974,2,4,6,11,15,22,23
975,2,13,17,20,22,27,37
976,1,2,6,7,20,21,26
977,3,8,30,31,32,37,38
978,4,7,12,13,23,24,36
979,6,18,19,23,25,29,32
980,3,4,5,6,13,15,27
981,2,20,23,25,34,38,39
982,6,10,11,14,16,29,35
983,4,7,11,19,34,36,37
984,1,4,6,31,32,34,35
985,9,12,17,21,28,31,34
986,1,11,21,26,27,28,38
987,2,8,10,13,25,26,39
988,8,13,18,22,27,32,34
989,5,8,13,24,28,33,35
990,7,14,18,23,24,25,29
991,1,5,9,15,17,25,28
992,10,22,29,34,35,37,39
993,4,5,8,17,19,22,30
994,4,8,20,24,32,34,35
995,9,11,16,21,26,33,37
996,9,10,14,17,21,26,38
997,1,13,16,24,28,36,38
998,3,6,8,9,16,19,32
999,3,5,9,10,13,22,38
1000,4,5,7,18,29,30,31
1001,4,7,9,17,32,38,39
1002,7,9,10,13,16,27,32
1003,2,7,9,11,17,30,34
1004,8,9,12,13,20,29,32
1005,2,7,9,11,12,20,25
1006,7,9,16,25,29,30,35
1007,1,7,14,15,18,24,34
1008,2,3,4,24,27,33,34
1009,1,10,14,15,16,20,22
1010,2,3,5,10,16,31,32
1011,3,7,10,19,23,34,38
1012,3,11,18,22,28,34,36
1013,5,13,16,25,27,32,34
1014,14,15,17,20,31,37,39
1015,4,10,12,17,21,24,31
1016,3,6,8,22,30,37,38
1017,1,4,11,14,34,36,38
1018,19,23,27,28,29,34,39
1019,7,10,12,13,23,28,38
1020,2,15,18,24,34,35,39
1021,1,10,14,18,21,23,36
1022,3,10,15,18,26,28,34
1023,2,10,22,29,30,33,39
1024,2,5,7,12,17,18,34
1025,6,8,19,20,21,25,29
1026,3,7,8,27,31,38,39
1027,14,23,29,30,31,36,38
1028,3,6,11,22,27,29,39
1029,2,3,12,13,16,20,37
1030,1,2,3,6,23,27,28
1031,2,5,12,21,33,34,38
1032,3,5,28,30,32,34,37
1033,4,10,21,22,28,33,38
1034,2,9,13,15,20,31,38
1035,2,7,18,28,33,34,37
1036,1,7,12,22,25,31,35
1037,1,6,11,14,25,27,30
1038,9,13,16,19,26,28,29
1039,2,9,14,17,18,20,36
1040,17,20,24,30,31,35,37
1041,3,5,18,21,29,33,39
1042,6,7,8,12,23,27,35
1043,3,10,13,20,26,29,39
1044,11,14,20,26,29,30,38
1045,4,12,21,26,27,32,35
1046,7,8,15,23,26,33,34
1047,5,6,7,9,26,35,37
1048,5,6,16,23,28,34,35
1049,4,7,8,11,18,23,31
1050,4,10,16,18,19,34,35
1051,14,24,30,31,32,33,38
1052,8,20,21,26,27,30,31
1053,3,8,15,18,26,29,37
1054,3,6,22,23,29,31,35
1055,11,13,25,27,30,32,35
1056,17,21,22,23,25,31,35
1057,13,17,22,25,33,37,38
1058,2,5,9,11,22,30,38
1059,8,14,23,27,31,33,36
1060,15,17,29,31,34,37,39
1061,13,14,16,21,24,31,32
1062,6,11,19,20,21,25,36
1063,2,8,17,30,31,36,38
1064,2,13,14,22,28,30,32
1065,3,8,11,16,30,33,37
1066,23,25,26,30,31,35,39
1067,3,7,8,29,30,34,38
1068,1,8,16,21,23,24,36
1069,5,6,15,21,35,38,39
1070,11,18,19,23,32,35,36
1071,2,9,16,17,31,32,35
1072,1,11,18,25,32,33,39
1073,4,8,9,14,18,25,37
1074,6,9,17,19,23,28,32
1075,2,5,9,17,21,24,26
1076,5,23,25,27,30,33,35
1077,4,7,8,13,16,31,34
1078,2,10,17,18,34,38,39
1079,3,5,20,21,22,24,27
1080,10,15,18,20,23,24,30
1081,2,10,13,14,24,28,29
1082,5,7,12,20,21,27,36
1083,3,5,12,13,16,18,28
1084,13,14,23,24,30,32,35
1085,1,14,18,24,27,33,37
1086,3,15,20,25,26,30,32
1087,3,6,10,26,30,32,35
1088,9,19,28,31,33,34,38
1089,6,7,10,15,19,21,32
1090,11,23,25,26,27,34,38
1091,7,15,18,21,24,34,35
1092,8,16,24,26,29,31,34
1093,7,8,13,21,30,33,39
1094,4,9,17,26,27,28,29
1095,6,10,13,22,30,33,39
1096,12,16,20,22,23,31,38
1097,5,15,20,22,32,36,39
1098,1,3,10,33,35,38,39
1099,3,10,17,21,30,32,37
1100,4,29,30,31,34,37,38
1101,1,3,6,10,12,13,19
1102,6,7,15,24,29,30,37
1103,6,12,16,21,28,37,39
1104,8,19,27,33,34,35,38
1105,2,3,12,17,25,30,38
1106,2,6,13,15,25,34,37
1107,7,12,24,29,33,37,38
1108,19,23,24,26,33,36,39
1109,7,12,13,16,21,24,34
1110,5,6,21,22,23,33,35
1111,4,11,14,24,26,33,37
1112,3,16,24,26,27,30,33
1113,3,6,9,18,19,30,37
1114,6,7,11,20,28,29,39
1115,1,4,8,13,16,25,35
1116,2,11,12,15,17,30,31
1117,2,4,16,20,24,27,29
1118,14,17,21,25,31,34,39
1119,10,14,16,21,24,30,39
1120,2,13,14,19,21,29,34
1121,3,7,12,16,17,24,36
1122,1,2,12,17,19,28,32
1123,8,15,18,24,26,29,36
1124,1,7,14,15,19,31,34
1125,19,22,26,28,32,35,38
1126,3,6,18,19,26,29,35
1127,3,5,8,10,12,24,26
1128,13,15,23,26,31,34,35
1129,3,4,9,12,14,16,25
1130,8,9,21,26,33,34,36
1131,4,6,22,23,29,31,32
1132,8,12,15,16,20,35,38
1133,9,11,20,28,29,33,38
1134,1,4,6,11,17,31,34
1135,3,13,14,17,27,35,38
1136,8,14,20,26,27,28,30
1137,4,14,17,21,29,38,39
1138,3,23,31,33,35,38,39
1139,1,2,10,11,23,33,34
1140,5,6,21,24,27,32,36
1141,2,6,25,31,32,33,35
1142,13,26,27,33,34,35,37
1143,8,12,16,20,26,34,39
1144,4,14,22,24,29,34,39
1145,6,8,15,21,23,36,37
1146,3,11,19,21,22,25,32
1147,6,8,10,14,18,25,27
1148,1,4,9,13,21,22,32
1149,6,7,12,23,26,32,37
1150,4,7,13,14,15,34,35
1151,3,5,9,15,16,21,31
1152,6,12,13,22,26,29,39
1153,1,6,12,23,31,35,37
1154,1,13,15,23,34,37,39
1155,3,7,13,16,17,23,32
1156,2,9,11,22,25,28,36
1157,9,12,16,19,22,34,37
1158,5,16,17,22,24,33,35
1159,2,5,7,11,27,33,38
1160,8,11,22,23,25,26,39
1161,8,12,16,20,31,32,35
1162,9,22,28,35,36,37,39
1163,6,16,20,25,28,33,37
1164,1,8,17,19,21,28,34
1165,1,8,24,25,28,36,38
1166,7,10,21,23,24,32,33
1167,10,14,15,17,20,21,39
1168,3,6,8,13,21,27,34
1169,3,4,7,9,14,19,31
1170,4,10,11,12,18,20,27
1171,4,8,12,17,21,22,35
1172,10,12,19,33,34,36,38
1173,12,15,17,19,27,31,38
1174,8,9,17,23,24,27,39
1175,1,5,8,26,28,37,38
1176,6,11,20,29,32,33,35
1177,4,8,25,26,32,37,38
1178,4,8,9,15,23,27,31
1179,8,10,16,21,29,37,39
1180,13,17,30,31,35,36,37
1181,1,2,18,24,25,35,36
1182,5,8,15,28,29,30,33
1183,10,11,17,29,33,34,39
1184,9,10,11,13,18,23,25
1185,3,4,8,11,13,18,38
1186,3,14,17,24,31,32,36
1187,6,7,9,10,13,22,25
1188,8,12,13,21,27,32,34
1189,6,11,24,29,30,36,37
1190,6,7,8,19,24,26,34
1191,5,12,13,16,19,24,37
1192,1,2,5,7,12,28,35
1193,12,17,18,19,23,35,37
1194,1,7,14,28,30,32,35
1195,2,3,5,10,14,23,30
1196,3,4,15,20,30,32,33
1197,3,7,10,23,26,37,39
1198,14,15,16,25,26,31,35
1199,10,18,21,28,29,30,34
1200,2,7,9,11,12,15,25
1201,2,4,9,21,22,23,39
1202,2,9,13,17,33,34,37
1203,2,4,5,6,10,31,39
1204,5,12,15,16,18,32,34
1205,4,9,13,17,29,35,38
1206,4,12,13,15,20,27,39
1207,3,11,16,23,25,29,30
1208,1,2,5,17,24,36,39
1209,18,21,22,25,28,30,31
1210,9,12,18,26,29,34,36
1211,8,11,12,15,29,30,37
1212,12,20,25,28,31,32,34
1213,5,13,15,21,22,28,34
1214,5,8,11,23,25,34,35
1215,2,5,10,12,27,35,37
1216,6,20,26,29,35,37,39
1217,13,20,21,28,29,34,38
1218,7,12,19,20,26,30,37
1219,3,7,9,17,30,34,38
1220,7,19,21,24,27,31,34
1221,4,11,16,17,20,25,34
1222,9,23,25,30,32,33,38
1223,3,8,15,17,22,23,35
1224,3,10,14,16,30,35,38
1225,6,17,19,23,29,31,37
1226,13,14,19,23,30,31,35
1227,2,5,11,22,26,29,35
1228,8,13,24,25,31,32,39
1229,4,5,10,13,25,37,38
1230,3,4,15,20,33,36,38
1231,1,2,12,16,18,33,36
1232,1,4,21,23,27,29,35
1233,11,13,21,27,36,37,39
1234,10,15,16,21,28,34,35
1235,1,2,20,28,31,37,39
1236,3,16,17,18,20,26,38
1237,2,6,21,26,32,37,38
1238,10,11,15,17,18,30,36
1239,19,21,23,32,34,35,37
1240,2,8,9,16,18,28,33
1241,1,2,6,17,18,33,38
1242,3,6,18,21,23,28,34
1243,1,8,14,18,21,33,38
1244,7,8,10,11,19,23,25
1245,2,10,13,15,18,21,38
1246,3,8,10,13,15,26,34
1247,4,6,10,14,22,24,39
1248,8,18,19,28,36,37,39
1249,1,3,15,18,28,32,36
1250,5,9,17,26,31,35,39
1251,4,15,18,20,31,33,39
1252,2,5,13,15,29,37,38
1253,6,16,19,24,25,27,33
1254,10,17,24,32,33,36,38
1255,5,6,14,24,26,34,36
1256,6,12,13,22,24,31,38
1257,3,13,19,20,22,28,38
1258,2,13,14,22,31,33,34
1259,6,16,18,24,25,32,36
1260,1,2,4,15,17,24,25
1261,4,7,16,26,29,32,36
1262,1,5,21,22,24,26,37
1263,4,6,8,10,26,27,38
1264,7,10,15,27,31,35,39
1265,4,14,23,26,27,32,35
1266,13,16,25,27,30,31,36
1267,2,9,11,12,14,33,34
1268,13,18,25,31,36,37,39
1269,2,9,14,18,29,33,38
1270,3,11,12,16,20,30,32
1271,2,8,14,16,22,23,30
1272,1,15,20,28,34,36,37
1273,2,4,12,18,19,29,31
1274,8,16,17,31,34,35,36
1275,2,6,9,10,11,14,31
1276,5,6,8,26,32,33,36
1277,1,11,21,30,32,37,38
1278,5,6,8,15,21,33,34
1279,19,25,26,32,33,34,36
1280,3,6,7,10,13,25,36
1281,4,10,14,32,33,35,38
1282,2,8,11,13,15,19,28
1283,1,5,7,24,25,26,39
1284,4,13,16,21,22,26,28
1285,1,8,12,22,23,25,30
1286,7,15,19,21,24,26,31
1287,3,4,7,22,26,27,33
1288,9,15,19,25,32,34,38
1289,9,11,22,26,34,36,37
1290,6,7,12,26,27,32,33
1291,1,13,19,31,33,35,39
1292,3,7,19,21,23,31,35
1293,2,5,10,13,18,19,25
1294,1,2,4,8,10,24,26
1295,4,9,16,30,36,37,39
1296,12,13,20,21,30,31,39
1297,2,16,25,32,34,37,39
1298,2,16,21,22,24,28,38
1299,5,6,12,13,24,36,39
1300,10,11,24,28,29,35,36
1301,8,11,14,24,26,28,33
1302,4,16,18,20,21,23,25
1303,3,6,9,11,12,16,33
1304,3,5,19,20,31,34,37
1305,1,2,11,13,16,20,25
1306,3,8,9,20,28,33,35
1307,6,9,22,29,32,33,39
1308,16,21,22,24,35,38,39
1309,2,4,5,11,26,28,33
1310,3,10,17,20,23,24,32
1311,7,10,15,17,23,29,35
1312,9,10,23,24,32,35,36
1313,1,5,6,13,19,32,38
1314,3,10,25,26,30,32,38
1315,7,8,11,14,34,35,37
1316,4,10,12,24,25,28,36
1317,4,7,11,14,22,27,36
1318,4,9,10,12,14,29,34
1319,3,7,9,13,14,22,28
1320,9,14,15,21,27,33,36
1321,2,3,7,13,18,29,39
1322,18,20,22,24,28,32,33
1323,1,3,7,11,18,23,37
1324,3,8,10,21,33,34,35
1325,8,9,18,25,27,28,36
1326,9,11,12,15,21,22,26
1327,1,2,4,8,13,14,26
1328,1,8,19,25,26,27,28
1329,3,8,11,20,24,28,38
1330,1,5,10,14,25,31,36
1331,9,15,17,20,25,26,39
1332,2,6,8,9,19,31,32
1333,5,9,14,18,22,23,25
1334,2,3,19,22,29,31,39
1335,4,7,11,17,26,34,35
1336,7,11,16,17,22,28,30
1337,1,7,8,24,25,32,39
1338,7,17,19,21,25,31,32
1339,6,11,19,28,30,31,34
1340,12,14,21,24,29,30,39
1341,1,9,21,26,29,33,39
1342,2,4,5,7,8,31,33
1343,10,16,19,23,27,35,37
1344,3,8,12,14,20,36,37
1345,1,7,13,18,20,21,39
1346,1,4,13,15,16,18,33
1347,2,3,14,19,26,31,36
1348,11,15,20,25,26,27,28
1349,3,18,21,22,25,37,39
1350,5,11,13,17,25,29,35
1351,11,13,20,23,29,32,36
1352,5,13,19,21,28,33,34
1353,2,5,8,10,11,16,34
1354,10,16,22,31,34,36,38
1355,10,23,25,26,29,31,34
1356,1,8,18,23,28,34,35
1357,4,5,15,23,28,32,38
1358,3,4,7,18,25,36,37
1359,1,8,9,15,16,19,37
1360,1,6,10,20,22,29,39
1361,3,14,15,20,24,32,34
1362,3,5,6,14,19,25,34
1363,1,3,4,5,8,12,34
1364,2,4,9,11,16,27,39
1365,2,8,17,18,28,33,35
1366,11,15,16,21,25,33,35
1367,8,9,24,27,28,29,37
1368,8,11,12,14,17,19,20
1369,4,7,12,24,27,36,38
1370,2,13,17,19,36,38,39
1371,4,13,23,25,26,32,34
1372,5,6,14,29,35,37,39
1373,10,12,17,28,30,32,39
1374,5,10,15,20,23,31,38
1375,3,5,6,8,22,23,30
1376,8,10,15,19,21,28,29
1377,3,7,9,12,15,27,38
1378,1,2,8,15,22,28,38
1379,1,2,6,18,21,28,37
1380,4,6,12,13,17,20,24
1381,2,7,14,22,23,27,37
1382,1,7,23,26,31,33,39
1383,5,6,12,17,35,36,37
1384,1,13,17,20,24,29,35
1385,1,3,8,29,31,34,37
1386,1,5,6,10,11,21,29
1387,1,6,9,20,23,31,39
1388,1,2,5,12,27,29,34
1389,1,9,10,22,29,31,37
1390,10,11,14,21,25,28,37
1391,1,13,16,21,24,27,35
1392,2,3,7,12,17,24,35
1393,4,11,16,18,27,28,31
1394,2,4,8,9,15,22,25
1395,1,21,26,27,30,31,35
1396,1,2,9,27,28,32,33
1397,6,14,25,27,30,34,38
1398,5,12,15,18,32,35,39
1399,13,15,19,23,27,33,39
1400,18,25,29,31,32,34,36
1401,1,26,30,31,35,38,39
1402,4,8,14,17,23,30,39
1403,4,10,18,19,20,22,27
1404,1,5,7,14,18,37,39
1405,2,17,25,26,27,31,33
1406,2,3,5,7,23,37,38
1407,8,13,19,27,29,35,38
1408,1,9,16,19,22,26,28
1409,1,8,12,17,25,30,35
1410,9,10,17,22,26,32,38
1411,14,15,23,28,29,32,34
1412,20,31,32,34,36,37,39
1413,7,16,19,31,33,34,35
1414,15,18,20,22,27,30,33
1415,4,7,8,9,14,19,27
1416,2,8,13,15,16,19,26
1417,7,10,13,15,25,27,37
1418,3,4,15,25,31,35,38
1419,6,8,9,12,15,18,21
1420,2,14,18,25,28,31,36
1421,12,23,24,25,27,37,38
1422,1,2,6,12,24,32,36
1423,1,19,23,25,29,36,39
1424,1,3,6,7,11,14,34
1425,3,5,7,10,24,28,36
1426,2,6,10,17,22,30,34
1427,8,11,28,31,32,33,34
1428,2,6,16,17,28,37,38
1429,4,9,11,14,32,36,37
1430,2,3,4,6,28,35,39
1431,4,6,13,18,23,33,37
1432,4,18,20,28,30,32,37
1433,12,15,19,20,21,27,36
1434,4,14,19,26,29,30,38
1435,3,4,5,8,10,14,37
1436,5,19,20,29,32,34,38
1437,2,4,10,19,22,33,35
1438,4,5,7,12,19,20,34
1439,2,7,17,20,21,25,32
1440,9,15,17,19,31,36,39
1441,3,4,8,15,18,26,29
1442,3,6,19,22,24,26,30
1443,4,10,11,18,25,31,36
1444,5,9,13,21,22,29,38
1445,11,13,18,19,20,22,26
1446,2,5,7,8,23,29,39
1447,4,7,13,20,21,34,38
1448,2,4,6,21,32,33,38
1449,15,20,24,28,33,37,39
1450,6,7,9,12,23,29,36
1451,2,3,10,11,19,20,24
1452,2,6,7,9,10,25,35
1453,6,8,14,15,29,31,32
1454,11,15,19,24,27,30,31
1455,8,13,26,27,29,31,38
1456,10,16,17,29,31,32,39
1457,2,5,14,28,29,30,36
1458,8,16,19,20,25,29,33
1459,20,26,27,32,36,37,38
1460,2,7,8,17,24,31,39
1461,6,8,13,15,23,26,34
1462,2,7,11,12,19,34,37
1463,11,14,21,32,35,38,39
1464,1,3,10,15,16,18,38
1465,1,7,16,29,32,33,37
1466,3,4,5,9,23,35,38
1467,5,9,18,22,24,30,39
1468,7,8,10,11,26,31,35
1469,9,15,16,22,28,35,36
1470,5,15,18,19,25,33,35
1471,4,8,9,12,14,20,28
1472,4,10,20,23,24,25,30
1473,7,10,12,19,25,26,32
1474,6,13,14,15,17,20,29
1475,6,11,19,22,24,25,39
1476,3,11,13,14,17,18,28
1477,7,12,14,19,24,25,29
1478,5,7,11,22,30,32,39
1479,1,13,16,27,28,32,38
1480,9,12,25,26,30,31,32
1481,1,2,13,15,16,23,31
1482,7,12,13,20,23,33,39
1483,4,19,23,30,34,35,36
1484,2,6,8,27,31,33,34
1485,2,8,14,19,21,24,30
1486,2,10,27,30,32,33,39
1487,2,3,5,7,8,11,16
1488,7,10,21,22,25,26,32
1489,1,7,10,20,23,26,30
1490,13,14,18,26,30,36,39
1491,3,13,24,31,37,38,39
1492,6,19,21,22,27,33,37
1493,3,18,20,23,25,28,29
1494,1,11,18,21,26,32,37
1495,1,4,8,13,19,22,32
1496,4,9,11,20,23,28,32
1497,2,3,17,20,23,25,34
1498,5,12,13,14,26,31,33
1499,8,14,18,23,24,28,37
1500,2,5,14,20,22,25,34
1501,1,2,4,12,15,34,37
1502,9,13,14,21,23,30,31
1503,2,8,10,14,22,25,34
1504,9,13,24,29,32,35,37
1505,4,5,14,18,24,37,38
1506,3,6,13,18,21,32,38
1507,6,10,13,19,31,33,36
1508,1,2,13,14,25,33,34
1509,5,8,10,21,28,29,38
1510,3,10,11,17,18,25,27
1511,5,8,9,21,33,34,38
1512,9,11,12,18,20,26,35
1513,10,13,15,20,21,25,35
1514,1,8,17,21,22,27,34
1515,10,13,17,18,21,29,37
1516,5,8,12,17,19,21,37
1517,2,15,18,24,27,34,35
1518,1,7,19,20,25,37,39
1519,4,10,12,14,23,25,27
1520,6,16,22,27,31,32,39
1521,1,6,8,20,28,29,37
1522,9,10,13,19,23,29,35
1523,7,10,19,24,28,31,38
1524,5,12,16,27,32,38,39
1525,1,5,23,28,30,36,37
1526,4,9,11,17,19,26,29
1527,15,17,24,26,33,36,39
1528,3,14,15,16,26,27,36
1529,9,15,20,23,24,29,33
1530,1,4,5,17,18,19,39
1531,3,8,11,24,27,28,29
1532,6,11,19,30,32,34,36
1533,1,3,11,12,15,16,36
1534,1,4,7,12,22,24,39
1535,1,2,13,15,29,35,36
1536,7,10,14,15,28,29,38
1537,2,6,9,16,22,33,37
1538,4,5,10,11,23,31,39
1539,6,11,14,23,28,34,35
1540,8,10,11,13,17,23,25
1541,16,19,24,27,28,30,33
1542,2,7,13,16,20,31,38
1543,1,11,26,29,30,35,39
1544,7,9,12,24,27,28,30
1545,4,10,21,22,23,35,37
1546,5,10,12,16,20,21,24
1547,9,20,22,31,32,33,38
1548,8,16,27,31,32,35,37
1549,3,5,9,16,21,27,33
1550,3,10,18,20,22,34,38
1551,6,8,14,17,23,26,35
1552,4,19,23,33,34,36,38
1553,6,10,11,19,21,29,30
1554,6,9,20,23,34,36,37
1555,8,9,11,25,26,28,34
1556,1,9,16,24,29,32,39
1557,5,6,7,8,14,21,28
1558,6,7,10,17,25,38,39
1559,13,14,28,30,31,37,39
1560,7,10,12,16,21,22,33
1561,2,11,13,14,22,31,37
1562,7,12,17,21,31,32,38
1563,2,8,9,11,20,23,36
1564,6,23,26,29,30,34,35
1565,3,7,8,13,18,28,36
1566,14,15,18,20,21,26,35
1567,10,13,21,29,32,35,36
1568,9,13,14,26,31,38,39
1569,7,10,23,25,31,32,39
1570,2,10,12,30,36,37,39
1571,17,25,27,31,32,36,37
1572,3,5,7,12,19,33,39
1573,14,16,19,23,26,31,36
1574,2,7,10,14,23,26,32
1575,8,14,18,20,22,25,30
1576,1,7,17,20,22,30,38
1577,3,7,10,20,26,34,39
1578,1,2,6,8,19,28,32
1579,7,9,15,16,18,19,31
1580,2,5,9,15,25,29,38
1581,6,12,13,17,27,28,39
1582,12,15,16,19,22,36,38
1583,3,7,15,18,26,27,28
1584,1,2,4,6,13,32,37
1585,2,12,19,25,34,36,39
1586,2,4,9,17,27,30,36
1587,8,16,18,20,24,35,36
1588,2,8,12,13,14,15,16
1589,7,11,14,23,26,33,34
1590,1,4,14,15,17,24,34
1591,1,6,10,23,24,27,28
1592,1,2,7,15,25,31,33
1593,3,6,18,21,31,34,39
1594,3,8,11,12,17,37,38
1595,2,4,8,13,23,28,30
1596,7,10,22,27,29,34,38
1597,2,5,6,9,19,23,37
1598,5,9,14,22,27,28,36
1599,1,8,21,24,34,38,39
1600,7,15,18,26,32,37,38
1601,7,10,13,21,27,36,37
1602,1,9,13,16,22,37,39
1603,3,11,17,21,27,34,37
1604,9,15,18,23,27,33,37
1605,2,3,5,9,20,29,31
1606,4,6,22,27,28,37,39
1607,8,15,20,22,26,27,34
1608,9,12,13,17,19,22,34
1609,1,5,7,13,14,23,28
1610,9,13,16,21,24,37,38
1611,6,16,17,21,22,37,38
1612,7,12,15,24,35,36,39
1613,6,8,9,17,20,34,37
1614,2,18,21,23,25,28,34
1615,2,4,11,15,26,35,37
1616,5,6,7,23,25,29,37
1617,5,6,13,30,33,37,39
1618,3,5,8,21,23,26,35
1619,3,10,12,18,22,28,32
1620,2,14,15,18,29,31,38
1621,8,13,18,24,28,33,35
1622,8,16,31,34,36,37,39
1623,1,15,16,19,28,33,39
1624,3,8,15,19,22,25,28
1625,4,10,14,24,25,28,38
1626,2,3,6,19,21,25,31
1627,4,7,9,11,13,17,34
1628,14,17,23,27,32,33,34
1629,9,10,12,16,23,29,37
1630,7,11,15,31,32,37,39
1631,6,22,27,30,31,35,39
1632,5,6,14,21,29,36,37
1633,2,17,18,22,30,38,39
1634,6,7,8,17,26,27,37
1635,1,7,8,9,10,18,37
1636,6,7,18,20,25,28,30
1637,10,13,15,30,31,33,37
1638,10,21,23,24,31,32,39
1639,4,5,16,28,29,35,38
1640,1,2,18,20,29,31,37
1641,3,6,10,19,23,26,36
1642,12,13,14,25,31,32,34
1643,3,5,15,21,24,30,35
1644,22,24,27,30,32,34,35
1645,3,13,18,21,24,27,36
1646,4,5,11,18,25,31,32
1647,3,7,8,14,16,19,28
1648,5,8,9,10,19,22,25
1649,9,11,12,16,30,34,37
1650,1,21,25,28,32,34,37
1651,8,9,10,14,18,31,32
1652,1,9,10,11,15,16,29
1653,5,17,21,28,31,32,37
1654,7,17,18,21,26,27,30
1655,6,12,17,27,32,34,36
1656,4,6,8,14,19,26,36
1657,8,9,17,24,29,36,38
1658,7,9,13,20,22,23,26
1659,4,5,9,13,14,18,22
1660,14,17,21,24,25,32,39
1661,2,6,13,27,31,33,37
1662,4,5,7,11,22,29,34
1663,9,17,21,22,24,29,39
1664,4,9,13,24,26,30,39
1665,2,8,12,16,20,21,25
1666,8,13,19,27,28,33,39
1667,10,13,22,24,28,32,39
1668,8,11,20,33,34,38,39
1669,3,9,10,12,15,19,22
1670,2,8,11,33,35,36,37
1671,1,7,8,16,20,33,38
1672,10,13,18,19,21,25,33
1673,7,15,21,22,23,33,39
1674,5,8,11,23,24,35,38
1675,7,8,9,14,16,29,36
1676,1,3,4,12,27,37,39
1677,4,9,12,25,30,32,35
1678,3,10,12,16,17,27,36
1679,1,20,27,33,35,37,38
1680,6,28,29,31,35,36,38
1681,8,12,15,28,32,33,34
1682,6,11,13,28,31,35,37
1683,3,5,7,16,17,19,35
1684,14,21,22,23,28,29,35
1685,1,9,10,19,21,26,38
1686,3,13,15,21,24,27,35
1687,3,14,22,30,32,36,39
1688,1,12,21,26,28,32,35
1689,10,12,14,22,23,34,38
1690,4,7,9,12,34,38,39
1691,8,15,17,24,29,30,33
1692,11,21,23,25,26,29,39
1693,8,15,18,20,29,30,34
1694,1,2,24,26,29,34,38
1695,7,10,17,18,29,33,34
1696,3,5,12,14,17,25,34
1697,1,2,8,18,23,33,37
1698,4,7,8,14,29,31,38
1699,6,13,17,20,23,31,39
1700,4,6,11,12,23,31,35
1701,1,11,13,21,29,35,36
1702,3,8,13,18,20,28,32
1703,18,19,21,22,26,37,38
1704,3,6,9,13,19,20,27
1705,4,13,25,31,34,35,36
1706,8,9,14,20,22,23,24
1707,9,10,14,15,20,24,30
1708,8,15,17,18,26,37,39
1709,1,2,10,12,16,30,39
1710,1,5,6,16,21,35,37
1711,5,13,17,29,32,36,38
1712,5,10,19,28,31,35,38
1713,1,3,15,18,24,28,31
1714,4,7,9,11,16,17,33
1715,2,4,5,8,23,29,30
1716,3,4,6,16,22,27,28
1717,2,3,6,15,21,25,30
1718,3,8,17,21,23,32,35
1719,5,9,21,24,29,31,36
1720,1,8,11,18,23,28,37
1721,6,12,13,16,26,27,29
1722,10,11,13,14,29,32,35
1723,1,3,8,12,15,24,38
1724,1,19,21,22,27,33,34
1725,3,6,8,9,17,26,29
1726,4,9,15,20,24,31,36
1727,2,4,13,16,24,33,34
1728,5,15,18,25,30,36,37
1729,2,4,14,19,27,32,36
1730,3,9,23,24,25,33,38
1731,1,5,24,28,31,35,37
1732,18,19,20,28,31,35,36
1733,14,19,23,26,27,28,35
1734,2,14,22,31,33,34,37
1735,3,9,11,21,26,32,36
1736,6,9,15,25,30,36,39
1737,2,5,23,24,28,37,38
1738,1,7,11,20,21,23,26
1739,1,8,9,20,21,30,32
1740,1,9,10,17,21,22,38
1741,5,9,12,13,14,26,32
1742,7,9,15,16,24,26,38
1743,11,17,23,30,35,37,38
1744,1,4,7,10,15,17,22
1745,4,5,6,16,23,35,36
1746,7,9,16,20,29,33,37
1747,1,6,21,25,26,31,33
1748,7,9,21,24,25,27,37
1749,3,4,7,8,24,28,39
1750,4,5,6,7,12,28,33
1751,6,14,15,20,22,26,33
1752,10,20,23,26,31,33,34
1753,3,5,9,18,19,34,36
1754,7,11,13,14,15,34,35
1755,6,8,13,16,26,28,35
1756,14,19,20,21,30,32,37
1757,9,10,14,20,22,31,39
1758,11,13,22,24,25,31,38
1759,4,11,16,17,33,34,37
1760,5,11,12,20,27,29,37
1761,4,8,10,11,16,30,36
1762,3,8,10,14,21,27,30
1763,3,5,20,21,23,28,33
1764,2,4,10,16,30,33,35
1765,18,25,28,31,32,34,35
1766,5,8,10,19,31,33,37
1767,9,11,15,21,24,32,39
1768,4,18,22,25,29,35,39
1769,1,7,11,13,26,27,34
1770,4,13,23,24,26,34,38
1771,5,9,11,15,21,24,26
1772,7,15,20,26,27,28,38
1773,8,11,14,22,24,34,37
1774,12,13,14,29,33,36,38
1775,2,4,6,7,14,29,31
1776,11,12,14,15,16,20,33
1777,7,10,12,21,22,35,39
1778,1,4,5,8,12,17,31
1779,2,9,13,19,22,31,37
1780,2,11,23,25,34,36,37
1781,3,19,29,31,33,34,39
1782,3,4,5,8,13,24,28
1783,7,9,13,14,23,29,37
1784,4,6,8,17,29,35,38
1785,2,7,16,20,26,27,38
1786,17,26,27,29,30,31,38
1787,9,14,15,19,22,31,39
1788,11,12,13,27,28,33,36
1789,5,6,23,27,30,37,39
1790,2,9,13,17,19,26,31
1791,5,12,15,17,21,26,39
1792,1,7,10,17,18,20,26
1793,1,3,5,13,19,29,32
1794,4,14,16,21,24,31,35
1795,10,14,21,22,24,33,38
1796,6,14,22,23,30,31,32
1797,8,11,23,27,32,34,39
1798,2,4,9,10,16,19,38
1799,9,12,14,16,22,27,37
1800,1,6,8,15,20,25,30
1801,4,9,13,14,19,28,36
1802,4,14,16,20,26,35,37
1803,6,18,21,25,30,36,39
1804,2,13,16,18,19,23,39
1805,2,6,9,16,27,35,36
1806,6,11,15,19,23,28,31
1807,9,11,18,21,23,24,25
1808,4,6,13,18,26,31,33
1809,6,8,13,17,28,31,33
1810,4,5,13,25,27,34,37
1811,13,14,17,18,26,29,36
1812,2,3,7,10,11,12,25
1813,12,16,21,25,32,33,35
1814,1,4,12,29,33,35,37
1815,2,10,16,22,28,32,39
1816,4,8,16,17,19,30,31
1817,3,14,18,20,21,22,33
1818,2,5,15,16,20,31,36
1819,17,20,22,23,24,31,33
1820,5,17,23,26,31,38,39
1821,2,4,5,7,13,22,29
1822,10,12,15,16,30,35,37
1823,3,8,9,10,12,27,30
1824,3,14,20,27,28,33,36
1825,10,14,17,21,25,27,37
1826,22,24,27,29,30,31,36
1827,11,13,15,17,26,30,31
1828,9,11,22,23,29,32,33
1829,2,7,23,25,35,36,39
1830,7,14,18,24,27,31,37
1831,4,7,21,24,29,30,32
1832,3,12,26,29,32,33,37
1833,13,20,22,24,28,34,35
1834,5,13,18,19,25,27,37
1835,2,11,16,25,26,28,33
1836,2,22,34,35,36,37,39
1837,7,12,17,26,28,29,31
1838,1,6,10,12,20,27,32
1839,1,5,10,16,22,24,30
1840,3,25,28,32,36,37,38
1841,3,4,5,13,24,28,31
1842,2,14,16,18,31,34,35
1843,12,15,16,17,23,29,36
1844,2,15,20,21,22,36,37
1845,5,7,15,26,31,35,39
1846,5,8,14,18,21,22,26
1847,5,8,11,15,27,28,32
1848,11,19,26,32,33,35,38
1849,5,13,15,23,24,25,26
1850,1,11,15,16,18,19,28
1851,5,9,11,23,24,33,38
1852,4,25,32,33,34,35,38
1853,3,10,11,18,23,36,39
1854,1,3,14,23,29,30,39
1855,4,6,12,23,24,30,35
1856,4,13,22,23,32,33,37
1857,16,18,20,23,27,28,33
1858,6,13,19,22,25,31,39
1859,5,7,18,23,25,35,39
1860,1,4,6,15,29,37,39
1861,4,5,8,22,24,25,29
1862,5,14,17,22,25,32,38
1863,6,9,15,18,19,28,39
1864,6,11,12,15,28,33,38
1865,1,9,15,16,19,24,36
1866,2,3,9,15,25,35,39
1867,1,3,15,16,23,27,37
1868,2,9,14,23,25,27,28
1869,1,3,4,16,17,32,38
1870,3,16,23,26,27,36,39
1871,6,10,15,16,21,27,39
1872,3,8,12,15,19,22,39
1873,3,13,22,27,31,33,38
1874,1,9,14,21,36,38,39
1875,11,18,23,25,26,35,37
1876,2,8,14,17,21,26,29
1877,2,4,8,9,16,22,34
1878,1,9,15,17,25,28,38
1879,2,5,9,23,24,29,34
1880,6,8,12,14,22,26,34
1881,4,6,12,13,21,27,33
1882,9,11,12,21,30,33,37
1883,9,13,15,20,26,33,34
1884,5,17,20,21,25,28,31
1885,1,6,13,18,25,33,35
1886,3,10,13,14,24,28,37
1887,9,12,18,20,23,25,37
1888,7,13,17,27,31,32,33
1889,1,8,16,21,23,34,36
1890,1,2,18,19,25,31,36
1891,6,9,10,17,27,32,36
1892,6,9,17,21,27,34,36
1893,2,9,19,27,33,35,37
1894,5,8,13,24,28,30,39
1895,5,8,11,13,24,35,38
1896,13,17,22,26,28,35,39
1897,10,19,25,27,29,32,36
1898,1,2,8,11,16,23,28
1899,2,6,7,8,14,26,34
1900,2,10,11,12,26,31,35
1901,4,7,8,14,16,18,31
1902,15,16,19,29,31,32,38
1903,1,7,16,19,23,33,38
1904,1,3,8,23,26,31,36
1905,4,7,9,22,27,32,39
1906,5,8,16,18,20,26,29
1907,5,6,11,15,24,28,33
1908,4,6,28,32,33,36,39
1909,12,15,20,21,24,33,39
1910,14,15,22,26,28,37,38
1911,3,11,14,19,20,35,37
1912,3,17,26,27,36,37,38
1913,3,8,12,13,27,28,31
1914,8,11,14,17,27,28,37
1915,4,7,12,17,26,35,39
1916,7,13,18,23,27,32,37
1917,2,6,14,27,29,30,39
1918,5,8,13,17,18,30,34
1919,4,6,8,15,28,35,39
1920,19,25,27,29,31,34,35
1921,1,9,14,19,20,23,32
1922,2,4,12,22,24,28,39
1923,1,2,7,8,16,28,37
1924,6,10,19,25,34,36,38
1925,6,10,11,13,14,32,37
1926,12,23,24,27,35,36,38
1927,3,11,15,19,30,31,39
1928,14,18,19,20,24,27,31
1929,3,7,13,22,30,35,38
1930,3,8,11,18,20,31,32
1931,1,8,9,21,24,31,34
1932,9,16,24,27,29,32,38
1933,2,7,10,14,18,25,35
1934,2,5,17,18,21,26,34
1935,2,8,16,17,22,25,39
1936,7,13,15,21,22,31,35
1937,22,25,26,28,29,33,36
1938,2,6,19,22,27,29,34
1939,2,3,5,7,9,13,17
1940,5,9,18,27,30,37,39
1941,10,15,16,30,33,34,35
1942,1,8,11,12,21,22,29
1943,8,10,22,30,36,37,38
1944,11,12,15,21,22,27,33
1945,5,10,17,23,35,37,38
1946,1,5,9,14,29,34,38
1947,4,5,12,29,31,37,39
1948,4,13,16,26,30,32,33
1949,1,2,3,5,10,12,31
1950,4,14,26,28,30,34,38
1951,3,9,16,21,23,30,31
1952,5,8,9,12,17,19,28
1953,1,3,7,11,14,20,23
1954,5,6,10,15,20,23,31
1955,7,12,24,26,30,34,36
1956,1,4,7,17,20,26,38
1957,3,5,15,16,25,30,32
1958,10,12,13,24,32,38,39
1959,3,6,12,20,21,32,33
1960,3,9,12,18,19,23,34
1961,12,15,18,24,29,31,36
1962,9,13,22,26,27,34,38
1963,9,10,21,23,28,31,38
1964,4,5,11,22,33,34,37
1965,6,11,19,27,33,35,38
1966,7,10,13,27,29,33,36
1967,1,4,5,23,24,28,38
1968,20,21,26,35,37,38,39
1969,3,4,14,16,17,19,37
1970,4,11,12,18,23,28,39
1971,4,7,16,18,31,33,37
1972,3,4,10,15,17,21,31
1973,6,15,16,18,21,22,33
1974,2,8,17,19,21,23,30
1975,1,8,15,22,25,27,39
1976,7,9,14,20,23,29,37
1977,11,16,17,25,26,31,36
1978,2,4,15,17,23,34,36
1979,9,13,23,25,28,35,37
1980,5,6,7,8,16,26,31
1981,5,11,13,14,15,30,31
1982,10,13,18,19,30,33,34
1983,1,4,9,12,26,31,39
1984,3,19,22,29,31,35,37
1985,1,6,11,13,21,28,35
1986,8,15,18,19,21,23,26
1987,6,9,12,14,18,21,26
1988,3,8,14,29,32,36,39
1989,9,20,22,25,28,30,31
1990,12,18,19,24,25,31,32
1991,2,5,6,9,22,26,30
1992,2,10,14,16,19,36,39
1993,1,3,9,22,23,37,38
1994,6,12,13,17,20,26,35
1995,8,13,15,16,20,28,29
1996,2,3,4,9,13,23,24
1997,8,17,21,25,27,35,38
1998,2,11,16,19,26,29,39
1999,1,6,8,22,23,24,33
2000,3,7,9,12,14,26,37
2001,19,22,25,29,30,36,37
2002,9,13,14,16,21,24,31
2003,3,4,6,17,30,32,37
2004,3,10,21,29,31,38,39
2005,3,11,17,21,23,26,36
2006,1,14,18,28,29,30,35
2007,1,3,10,18,21,22,29
2008,2,8,18,22,27,32,37
2009,2,7,15,20,21,22,36
2010,8,21,22,26,31,37,38
2011,5,10,12,20,29,34,36
2012,8,16,20,25,30,32,34
2013,12,18,21,22,30,37,39
2014,1,8,14,19,29,33,39
2015,5,10,17,25,28,34,39
2016,1,3,8,21,25,30,36
2017,11,12,24,26,31,34,35
2018,12,13,23,26,27,37,38
2019,4,9,13,14,17,37,39
2020,4,8,12,18,19,24,31
2021,11,15,18,22,24,36,37
2022,9,12,19,22,28,36,39
2023,13,21,22,28,30,32,39
2024,2,3,6,7,10,15,25
2025,4,6,9,10,11,18,32
2026,12,17,18,19,26,35,39
2027,8,14,16,22,27,29,37
2028,2,7,9,13,14,29,31
2029,1,7,11,19,23,25,32
2030,4,10,14,15,29,31,39
2031,3,7,27,28,32,33,35
2032,2,9,10,17,20,29,32
2033,15,24,26,35,36,38,39
2034,7,12,15,22,30,33,39
2035,1,10,11,16,18,19,21
2036,7,8,15,21,28,29,34
2037,14,18,21,26,28,29,32
2038,2,3,5,24,28,37,38
2039,1,14,19,24,25,35,38
2040,1,6,12,24,30,32,35
2041,3,7,9,13,17,29,34
2042,3,7,11,16,17,21,28
2043,2,5,16,17,23,27,31
2044,1,5,6,16,28,30,39
2045,2,3,12,25,31,33,38
2046,1,3,16,25,27,32,33
2047,2,19,23,24,31,32,35
2048,1,6,7,19,32,35,39
2049,2,7,12,17,22,29,39
2050,2,9,19,21,30,32,39
2051,1,8,9,10,16,19,28
2052,1,19,20,25,28,33,38
2053,11,16,18,21,23,24,30
2054,3,15,18,19,26,29,33
2055,3,5,11,13,19,37,39
2056,6,12,17,19,22,26,32
2057,5,11,14,18,21,36,37
2058,8,10,12,19,26,28,30
2059,11,16,26,29,31,33,38
2060,2,5,8,11,13,23,29
2061,7,8,17,19,22,24,30
2062,5,12,16,25,28,36,39
2063,4,19,24,26,27,34,35
2064,14,18,20,24,28,31,35
2065,3,10,21,25,26,38,39
2066,19,21,27,28,29,30,31
2067,1,8,10,14,22,28,30
2068,5,16,27,30,34,36,38
2069,1,6,7,18,20,23,32
2070,7,22,27,28,35,36,37
2071,1,4,10,21,25,26,37
2072,4,15,19,21,23,28,35
2073,7,9,27,30,32,35,39
2074,1,8,14,19,26,38,39
2075,2,6,7,10,14,19,30
2076,9,11,12,20,21,29,39
2077,10,11,13,19,22,24,34
2078,4,5,12,15,22,28,30
2079,12,17,24,26,34,35,38
2080,1,7,25,26,33,34,38
2081,2,5,10,14,27,37,39
2082,2,4,10,21,22,26,33
2083,13,14,22,30,33,35,39
2084,4,8,9,18,26,31,38
2085,3,8,12,17,30,34,35
2086,4,12,13,15,25,29,39
2087,14,21,23,25,28,33,35
2088,6,11,13,16,20,36,39
2089,1,4,21,22,23,24,38
2090,1,5,6,20,34,37,38
2091,4,13,14,17,21,26,33
2092,1,2,7,9,19,34,36
2093,1,2,10,16,18,31,34
2094,1,4,6,16,19,29,31
2095,2,3,8,13,17,27,35
2096,5,13,17,24,27,30,37
2097,3,8,9,13,15,19,20
2098,3,4,8,15,17,20,33
2099,1,3,7,17,19,32,39
2100,2,10,14,21,22,30,35
2101,5,6,18,19,22,25,32
2102,1,5,8,21,22,25,32
2103,3,7,12,15,21,29,33
2104,6,7,16,18,29,30,33
2105,4,5,7,8,22,28,34
2106,9,11,13,24,28,31,34
